<?xml version="1.0" encoding="UTF-8"?>
<XML_DIZ_INFO>
  <MASTER_PAD_VERSION_INFO>
    <MASTER_PAD_VERSION>3.11</MASTER_PAD_VERSION>
    <MASTER_PAD_EDITOR>PADManager 2.0.69</MASTER_PAD_EDITOR>
    <MASTER_PAD_EDITOR_URL>http://robosoft.rudenko.com</MASTER_PAD_EDITOR_URL>
    <MASTER_PAD_INFO>Portable Application Description, or PAD for short, is a data set that is used by shareware authors to disseminate information to anyone interested in their software products. To find out more go to http://www.asp-shareware.org/pad</MASTER_PAD_INFO>
  </MASTER_PAD_VERSION_INFO>
  <RoboSoft>
    <Company_UIN>CMP-00C411A0F9A</Company_UIN>
    <Company_Description>ExcelentSoftware.com is dedicated to creating excellent Microsoft Excel enhancements that enhance productivity and assure user security.</Company_Description>
    <Product_UIN>APP-00C4114EE8C</Product_UIN>
    <Publish_on_CD>FALSE</Publish_on_CD>
    <RSProductType></RSProductType>
    <Search_String></Search_String>
    <Press_Release_Search_String></Press_Release_Search_String>
    <NewsFeed_Search_String></NewsFeed_Search_String>
    <Search_Engine_Search_String></Search_Engine_Search_String>
    <Web_Directories_Search_String></Web_Directories_Search_String>
    <Search_String_Unique></Search_String_Unique>
    <Comments_For_Reviewer></Comments_For_Reviewer>
    <Backlink></Backlink>
  </RoboSoft>
  <Company_Info>
    <Company_Name>ExcelentSoftware.com</Company_Name>
    <Address_1>2989 Harvey Street SE</Address_1>
    <Address_2></Address_2>
    <City_Town>Port Orchard</City_Town>
    <State_Province>Washington</State_Province>
    <Zip_Postal_Code>98366</Zip_Postal_Code>
    <Country>United States of America</Country>
    <Company_WebSite_URL>http://www.excelentsoftware.com</Company_WebSite_URL>
    <Contact_Info>
      <Contact_First_Name>Jeff</Contact_First_Name>
      <Contact_Last_Name>Gates</Contact_Last_Name>
      <Contact_Email>jeffgates@excelentsoftware.com</Contact_Email>
      <Author_First_Name>Jeff</Author_First_Name>
      <Author_Last_Name>Gates</Author_Last_Name>
      <Author_Email>jeffgates@excelentsoftware.com</Author_Email>
    </Contact_Info>
    <Support_Info>
      <Sales_Email>jeffgates@excelentsoftware.com</Sales_Email>
      <Support_Email>jeffgates@excelentsoftware.com</Support_Email>
      <General_Email>jeffgates@excelentsoftware.com</General_Email>
      <Sales_Phone></Sales_Phone>
      <Support_Phone></Support_Phone>
      <General_Phone></General_Phone>
      <Fax_Phone></Fax_Phone>
    </Support_Info>
  </Company_Info>
  <NewsFeed>
    <NewsFeed_FORM>Y</NewsFeed_FORM>
    <NewsFeed_VERSION>1.0</NewsFeed_VERSION>
    <NewsFeed_URL>http://Submit-Everywhere.com/extensions/NewsFeed.htm</NewsFeed_URL>
    <NewsFeed_DESCRIPTION>This PAD extension allows you to add your RSS and Atom news feeds info into your PAD file. This info can be used by RSS feed submission software or by feed directories themselves.</NewsFeed_DESCRIPTION>
    <NewsFeed_Type>RSS 0.90</NewsFeed_Type>
    <NewsFeed_Language>English</NewsFeed_Language>
    <NewsFeed_Purpose>News</NewsFeed_Purpose>
    <NewsFeed_Author_Email>jeffgates@excelentsoftware.com</NewsFeed_Author_Email>
    <NewsFeed_Author_First_Name>Jeff</NewsFeed_Author_First_Name>
    <NewsFeed_Author_Last_Name>Gates</NewsFeed_Author_Last_Name>
    <NewsFeed_Feed_URL></NewsFeed_Feed_URL>
    <NewsFeed_Site_Name></NewsFeed_Site_Name>
    <NewsFeed_Site_URL></NewsFeed_Site_URL>
    <NewsFeed_Title></NewsFeed_Title>
    <NewsFeed_Description_70></NewsFeed_Description_70>
    <NewsFeed_Description_250></NewsFeed_Description_250>
  </NewsFeed>
  <Site>
    <Site_FORM>Y</Site_FORM>
    <Site_VERSION>1.0</Site_VERSION>
    <Site_URL>http://Submit-Everywhere.com/extensions/Site.htm</Site_URL>
    <Site_DESCRIPTION>This PAD extension allows you to add your site info into your PAD file. This info can be used by site submission software or by web directories themselves.</Site_DESCRIPTION>
    <Site_Contact_Email>jeffgates@excelentsoftware.com</Site_Contact_Email>
    <Site_Contact_First_Name>Jeff</Site_Contact_First_Name>
    <Site_Contact_Last_Name>Gates</Site_Contact_Last_Name>
    <Site_Site_Title>ExcelentSoftware.com - Excellent Excel Software Apps</Site_Site_Title>
    <Site_Site_URL>http://www.excelentsoftware.com/</Site_Site_URL>
    <Site_Keywords>Excel Converter,Excel file conversion,xls,xlsx,xlsm,xls to xlsx conversion,Excel 2010 converter, Excel 2007 converter,Excel convert,xlsx converter,xls converter,xlsm converter,excel to pdf conversion</Site_Keywords>
    <Site_Description_100>ExcelentSoftware.com - Excellent Excel Software Apps with an emphasis on improving user productivity</Site_Description_100>
    <Site_Description_250>ExcelentSoftware.com - Excellent Excel Software Apps with an emphasis on improving user productivity.  Check out the Excel Converter app that can batch convert thousands of Excel files in minutes.  Perfect for upgrading to Excel 2010 or 2007.</Site_Description_250>
    <Site_Description_450>ExcelentSoftware.com - Excellent Excel Software Apps with an emphasis on improving user productivity.  Check out the Excel Converter app that can batch convert thousands of Excel files in minutes.  Perfect for upgrading to Excel 2010 or 2007 from older legacy versions.  This application includes a handy automated xls to xlsm switch that intelligently assigns .xslm or .xlsx file extension based on the presence of macro code in an Excel file.</Site_Description_450>
  </Site>
  <Program_Info>
    <Program_Name>Excel Converter</Program_Name>
    <Program_Version>1.2</Program_Version>
    <Program_Release_Month>04</Program_Release_Month>
    <Program_Release_Day>17</Program_Release_Day>
    <Program_Release_Year>2012</Program_Release_Year>
    <Program_Cost_Dollars>19.95</Program_Cost_Dollars>
    <Program_Type>Shareware</Program_Type>
    <Program_Release_Status>Major Update</Program_Release_Status>
    <Program_Install_Support>No Install Support</Program_Install_Support>
    <Program_OS_Support>WinXP,WinVista,Win7 x32</Program_OS_Support>
    <Program_Language>English</Program_Language>
    <Program_Change_Info>No recent changes</Program_Change_Info>
    <Program_System_Requirements>Microsoft Office 2007 or Office 2010</Program_System_Requirements>
    <Program_Category_Class>Business::Calculators &amp; Converters</Program_Category_Class>
    <File_Info>
      <File_Size_Bytes>4944421</File_Size_Bytes>
      <File_Size_K>4828</File_Size_K>
      <File_Size_MB>4.71</File_Size_MB>
      <Filename_Versioned></Filename_Versioned>
      <Filename_Previous></Filename_Previous>
      <Filename_Generic></Filename_Generic>
      <Filename_Long></Filename_Long>
    </File_Info>
    <Expire_Info>
      <Has_Expire_Info>N</Has_Expire_Info>
      <Expire_Based_On>Days</Expire_Based_On>
      <Expire_Count></Expire_Count>
      <Expire_Other_Info></Expire_Other_Info>
      <Expire_Month></Expire_Month>
      <Expire_Day></Expire_Day>
      <Expire_Year></Expire_Year>
    </Expire_Info>
    <Program_Categories>excel file conversion,Excel,file converter</Program_Categories>
    <Limitations>Converts single files only.  Licensed version supports batch processing.</Limitations>
    <Program_Cost_Other_Code></Program_Cost_Other_Code>
    <Program_Cost_Other></Program_Cost_Other>
    <Awards></Awards>
    <Program_Specific_Category></Program_Specific_Category>
    <Includes_JAVA_VM></Includes_JAVA_VM>
    <Includes_VB_Runtime></Includes_VB_Runtime>
    <Includes_DirectX></Includes_DirectX>
  </Program_Info>
  <Web_Info>
    <Application_URLs>
      <Application_Info_URL>http://www.excelentsoftware.com/excel_converter.html</Application_Info_URL>
      <Application_Order_URL>http://www.excelentsoftware.com/purchase_excel_converter.html</Application_Order_URL>
      <Application_Screenshot_URL>http://www.excelentsoftware.com/images/main_form_for_pad.gif</Application_Screenshot_URL>
      <Application_Icon_URL>http://www.excelentsoftware.com/images/xls.gif</Application_Icon_URL>
      <Application_XML_File_URL>http://www.excelentsoftware.com/padfiles/excelconverter_padfile.xml</Application_XML_File_URL>
    </Application_URLs>
    <Download_URLs>
      <Primary_Download_URL>http://www.excelentsoftware.com/packages_2007_2010/Excel_Converter.zip</Primary_Download_URL>
      <Secondary_Download_URL></Secondary_Download_URL>
      <Additional_Download_URL_1></Additional_Download_URL_1>
      <Additional_Download_URL_2></Additional_Download_URL_2>
    </Download_URLs>
  </Web_Info>
  <Permissions>
    <Distribution_Permissions>The trial version of Excel Converter can be freely distributed over the Internet in an unchanged form.</Distribution_Permissions>
    <EULA>END-USER LICENSE AGREEMENT FOR Excel Converter. IMPORTANT PLEASE READ THE TERMS AND CONDITIONS OF THIS LICENSE AGREEMENT CAREFULLY BEFORE CONTINUING WITH THIS PROGRAM INSTALL: ExcelentSoftware.com's End-User License Agreement ("EULA") is a legal agreement between you (either an individual or a single entity) and ExcelentSoftware.com. for the ExcelentSoftware.com software product(s) identified above which may include associated software components, media, printed materials, and "online" or electronic documentation ("SOFTWARE PRODUCT"). By installing, copying, or otherwise using the SOFTWARE PRODUCT, you agree to be bound by the terms of this EULA. This license agreement represents the entire agreement concerning the program between you and ExcelentSoftware.com, (referred to as "licenser"), and it supersedes any prior proposal, representation, or understanding between the parties. If you do not agree to the terms of this EULA, do not install or use the SOFTWARE PRODUCT. 

The SOFTWARE PRODUCT is protected by copyright laws and international copyright treaties, as well as other intellectual property laws and treaties. The SOFTWARE PRODUCT is licensed, not sold. 

1. GRANT OF LICENSE. 
The SOFTWARE PRODUCT is licensed as follows: 
(a) Installation and Use.
ExcelentSoftware.com grants you the right to install and use copies of the SOFTWARE PRODUCT on your computer running a validly licensed copy of the operating system for which the SOFTWARE PRODUCT was designed [e.g., Windows 95, Windows NT, Windows 98, Windows 2000, Windows 2003, Windows XP, Windows ME, Windows Vista].
(b) Backup Copies.
You may also make copies of the SOFTWARE PRODUCT as may be necessary for backup and archival purposes.

2. DESCRIPTION OF OTHER RIGHTS AND LIMITATIONS.
(a) Maintenance of Copyright Notices.
You must not remove or alter any copyright notices on any and all copies of the SOFTWARE PRODUCT.
(b) Distribution.
You may not distribute registered copies of the SOFTWARE PRODUCT to third parties. Evaluation versions available for download from ExcelentSoftware.com's websites may be freely distributed.
(c) Prohibition on Reverse Engineering, Decompilation, and Disassembly.
You may not reverse engineer, decompile, or disassemble the SOFTWARE PRODUCT, except and only to the extent that such activity is expressly permitted by applicable law notwithstanding this limitation. 
(d) Rental.
You may not rent, lease, or lend the SOFTWARE PRODUCT.
(e) Support Services.
ExcelentSoftware.com may provide you with support services related to the SOFTWARE PRODUCT ("Support Services"). Any supplemental software code provided to you as part of the Support Services shall be considered part of the SOFTWARE PRODUCT and subject to the terms and conditions of this EULA. 
(f) Compliance with Applicable Laws.
You must comply with all applicable laws regarding use of the SOFTWARE PRODUCT.

3. TERMINATION 
Without prejudice to any other rights, ExcelentSoftware.com may terminate this EULA if you fail to comply with the terms and conditions of this EULA. In such event, you must destroy all copies of the SOFTWARE PRODUCT in your possession.

4. COPYRIGHT
All title, including but not limited to copyrights, in and to the SOFTWARE PRODUCT and any copies thereof are owned by ExcelentSoftware.com or its suppliers. All title and intellectual property rights in and to the content which may be accessed through use of the SOFTWARE PRODUCT is the property of the respective content owner and may be protected by applicable copyright or other intellectual property laws and treaties. This EULA grants you no rights to use such content. All rights not expressly granted are reserved by ExcelentSoftware.com. 

5. NO WARRANTIES
ExcelentSoftware.com expressly disclaims any warranty for the SOFTWARE PRODUCT. The SOFTWARE PRODUCT is provided 'As Is' without any express or implied warranty of any kind, including but not limited to any warranties of merchantability, noninfringement, or fitness of a particular purpose. ExcelentSoftware.com does not warrant or assume responsibility for the accuracy or completeness of any information, text, graphics, links or other items contained within the SOFTWARE PRODUCT. ExcelentSoftware.com makes no warranties respecting any harm that may be caused by the transmission of a computer virus, worm, time bomb, logic bomb, or other such computer program. ExcelentSoftware.com further expressly disclaims any warranty or representation to Authorized Users or to any third party.

6. LIMITATION OF LIABILITY
In no event shall ExcelentSoftware.com be liable for any damages (including, without limitation, lost profits, business interruption, or lost information) rising out of 'Authorized Users' use of or inability to use the SOFTWARE PRODUCT, even if ExcelentSoftware.com has been advised of the possibility of such damages. In no event will ExcelentSoftware.com be liable for loss of data or for indirect, special, incidental, consequential (including lost profit), or other damages based in contract, tort or otherwise. ExcelentSoftware.com shall have no liability with respect to the content of the SOFTWARE PRODUCT or any part thereof, including but not limited to errors or omissions contained therein, libel, infringements of rights of publicity, privacy, trademark rights, business interruption, personal injury, loss of privacy, moral rights or the disclosure of confidential information.</EULA>
  </Permissions>
  <Press_Release>
    <Summary>ExcelentSoftware.com - Excellent Excel Software Apps with an emphasis on improving user productivity.  Check out the Excel Converter app that can batch convert thousands of Excel files in minutes.  Perfect for upgrading to Excel 2010 or 2007.</Summary>
    <Headline>Excel Converter application batch converts thousands of Excel files in minutes.</Headline>
    <Related_URL>http://www.excelentsoftware.com/</Related_URL>
    <Keywords>Excel Converter,Excel file conversion,xls,xlsx,xlsm,xls to xlsx conversion,Excel 2010 converter, Excel 2007 converter,Excel convert,xlsx converter,xls converter,xlsm converter,excel to pdf conversion,Convert Excel 2003 to 2010</Keywords>
    <Press_Release>Excel Converter is an application written in macro coding within a Microsoft Office Excel workbook.   It allows you to perform any file conversion or file upgrade that Excel would normally be capable of doing.   The primary difference is that in normal practice to convert a file, say from an Excel .xlsx to Adobe .pdf format, you would need to open the Excel file, click on the Office button, click on Save As, click on Other Formats, click on Save As Type, then select PDF, then navigate to the folder where the converted file should be saved.   This requires quite a few steps, but it works fine if you only need to convert one file.   Excel Converter has been developed to assist you when you have a few files (or a few thousand files) that you wish to convert in a quick batch process.

Features
Native coding.    The Excel Converter application utilizes the identical native Excel process that would be used if you opened an Excel workbook and saved a converted file.    Other conversion utilities (costing more money) may also support batch processing, but they do not convert files natively within the same Microsoft product.    This can have important consequences later when using the converted files. 
Batch processing.   As touched on above, there is no theoretical limit to the number of files that you may choose to convert as part of a single batch process.    Processing times vary, of course, according to factors such as processor type, file size, type of conversion.    However, in a typical benchmark test, 1,000 .xls files of 100KB each were converted to .xlsx in 13 minutes. 
Easy Office upgrading.   A common use for this application will be for users who have recently upgraded to a newer version of Microsoft Office and wish to convert their Excel files from an earlier Office format.   A typical scenario would be that a company or individual has upgraded to Office 2007 or Office 2010 but has legacy Excel files in Excel 4, Excel 5.0/95 and Excel 97-2003 formats.   Compounding the confusion, some Excel files contain macro coding, while others do not.   Since the Office 2007 and 2010 versions do away with the familar single .xls file type, the user must now determine whether to convert older workbooks into either .xlsx (no macro coding) or .xlsm (macro enabled).    Rather than individually opening Excel workbooks to determine if they contain macros, Excel Converter completely automates this with a optionable feature called Let Excel Converter Decide.   When this conversion feature is selected, the Excel Converter application examines the source workbook, determines whether it contains macro code and then assigns the xlsx/xlsm file format accordingly.   Easy.
Bi-directional conversions allowed.   While many users will need to upgrade from older to newer Excel formats, others may have a requirement to do just the reverse and convert from newer to older.   You have the capability from going from Excel 2010 or 2007 to Excel 97-2003 or Excel 5.0/95.</Press_Release>
    <Press_Release_Plain>Excel Converter is an application written in macro coding within a Microsoft Office Excel workbook.   It allows you to perform any file conversion or file upgrade that Excel would normally be capable of doing.   The primary difference is that in normal practice to convert a file, say from an Excel .xlsx to Adobe .pdf format, you would need to open the Excel file, click on the Office button, click on Save As, click on Other Formats, click on Save As Type, then select PDF, then navigate to the folder where the converted file should be saved.   This requires quite a few steps, but it works fine if you only need to convert one file.   Excel Converter has been developed to assist you when you have a few files (or a few thousand files) that you wish to convert in a quick batch process.

Features

Native coding.    The Excel Converter application utilizes the identical native Excel process that would be used if you opened an Excel workbook and saved a converted file.    Other conversion utilities (costing more money) may also support batch processing, but they do not convert files natively within the same Microsoft product.    This can have important consequences later when using the converted files. 
Batch processing.   As touched on above, there is no theoretical limit to the number of files that you may choose to convert as part of a single batch process.    In a typical benchmark test, 1,000 .xls files of 100KB each were converted to .xlsx in 13 minutes. 

Easy Office upgrading.   A common use for this application will be for users who have recently upgraded to a newer version of Microsoft Office and wish to convert their Excel files from an earlier Office format.   A typical scenario would be that a company or individual has upgraded to Office 2007 or Office 2010 but has legacy Excel files in Excel 4, Excel 5.0/95 and Excel 97-2003 formats.   Compounding the confusion, some Excel files contain macro coding, while others do not.   Since the Office 2007 and 2010 versions do away with the familar single .xls file type, the user must now determine whether to convert older workbooks into either .xlsx (no macro coding) or .xlsm (macro enabled).    Rather than individually opening Excel workbooks to determine if they contain macros, Excel Converter completely automates this with a optionable feature called Let Excel Converter Decide.   When this conversion feature is selected, the Excel Converter application examines the source workbook, determines whether it contains macro code and then assigns the xlsx/xlsm file format accordingly.   Easy.

Bi-directional conversions allowed.   While many users will need to upgrade from older to newer Excel formats, others may have a requirement to do just the reverse and convert from newer to older.   You have the capability from going from Excel 2010 or 2007 to Excel 97-2003 or Excel 5.0/95.

Check it out online at:  http://www.excelentsoftware.com/</Press_Release_Plain>
  </Press_Release>
  <Program_Descriptions>
    <English>
      <Keywords>Excel Converter,Excel file conversion,xls,xlsx,xlsm,xls to xlsx conversion,Excel 2010 converter, Excel 2007 converter,Excel convert,xlsx converter,xls converter,xlsm converter,excel to pdf conversion,Convert Excel 2003 to 2010</Keywords>
      <Char_Desc_45>Batch convert thousands of Excel files.</Char_Desc_45>
      <Char_Desc_80>Batch convert thousands of Excel files in minutes --- in Excel (2007 or 2010)</Char_Desc_80>
      <Char_Desc_250>Batch convert thousands of Excel files in minutes.  Excel Converter is an application written in macro coding within a Microsoft Office Excel workbook, so conversions are performed natively -- creating Microsoft files from within a Microsoft product.</Char_Desc_250>
      <Char_Desc_450>Batch convert thousands of Excel files in minutes.  Excel Converter is an application written in macro coding within a Microsoft Office Excel workbook.  It allows you to perform any file conversion or file upgrade that Excel would normally be capable of doing, but in a fully automated batch process.  Most importantly, conversions are performed natively --- converting to a Microsoft file from within a Microsoft product.  For Excel 2007 and 2010.</Char_Desc_450>
      <Char_Desc_2000>Batch convert thousands of Excel files in minutes.  Excel Converter is an application written in macro coding within a Microsoft Office Excel workbook.  It allows you to perform any file conversion or file upgrade that Excel would normally be capable of doing, but in a fully automated batch process.  Most importantly, conversions are performed natively --- converting to a Microsoft file from within a Microsoft product.  Other converters use non-Microsoft processes and algorithms, which can create problematic files that can cause problems later down the road.

Automated xlsx/xlsm switching.  Allow the application to decide whether to assign a xlsx or xlsm file extension based on whether the Excel file contains macros.

Easy Office upgrading.  A common use for this application will be for users who have recently upgraded to a newer version of Microsoft Office and wish to convert their Excel files from an earlier Office format. 

Bi-directional conversions allowed.  While many users will need to upgrade from older to newer Excel formats, others may have a requirement to do just the reverse and convert from newer to older. You have the capability from going from Excel 2010 or 2007 to Excel 97-2003 or Excel 5.0/95.

Optional pre-conversion workbook analysis. In order to provide the user with a reliable method of ascertaining potential complications, Excel Converter incorporates a powerful means of examining large numbers of workbooks and reporting on all relevant internal properties.

Context-sensitive help file assistance. The Excel Converter application includes a Microsoft Help File that is fully accessible by simply clicking on any item for which the user requires additional information.

The download zip file contains versions for Excel Office 2007 or Excel Office 2010.</Char_Desc_2000>
    </English>
  </Program_Descriptions>
</XML_DIZ_INFO>
